Код заказа,Код услуги
45462526,34
45462526,31
45462526,353
45462526,336
45462527,98
45462527,45
45462527,89
45462527,99
45462527,123
45462528,92
45462528,45
45462528,57
45462528,88
45462529,92
45462529,45
45462529,57
45462529,88
45462529,44
45462530,98
45462530,45
45462530,89
45462530,353
45462530,336
45462530,34
45462531,34
45462531,31
45462531,353
45462531,337
45462532,98
45462532,45
45462532,89
45462532,99
45462532,124
45462533,92
45462533,45
45462533,57
45462533,89
45462534,92
45462534,45
45462534,57
45462534,88
45462534,45
45462535,98
45462535,45
45462535,89
45462535,353
45462535,336
45462535,35
45462536,34
45462536,31
45462536,353
45462536,338
45462537,98
45462537,45
45462537,89
45462537,99
45462537,125
45462538,92
45462538,45
45462538,57
45462538,90
45462539,92
45462539,45
45462539,57
45462539,88
45462539,46
45462540,98
45462540,45
45462540,89
45462540,353
45462540,336
45462540,36
45462541,34
45462541,31
45462541,353
45462541,339
45462542,98
45462542,45
45462542,89
45462542,99
45462542,126
45462543,92
45462543,45
45462543,57
45462543,91
45462544,92
45462544,45
45462544,57
45462544,88
45462544,47
45462545,98
45462545,45
45462545,89
45462545,353
45462545,336
45462545,37
45462546,34
45462546,31
45462546,353
45462546,340
45462547,98
45462547,45
45462547,89
45462547,99
45462547,127
45462548,92
45462548,45
45462548,57
45462548,92
45462549,92
45462549,45
45462549,57
45462549,88
45462549,48
45462550,98
45462550,45
45462550,89
45462550,353
45462550,336
45462550,38
45462551,34
45462551,31
45462551,353
45462551,341
45462552,98
45462552,45
45462552,89
45462552,99
45462552,128
45462553,92
45462553,45
45462553,57
45462553,93
45462554,92
45462554,45
45462554,57
45462554,88
45462554,49
45462555,98
45462555,45
45462555,89
45462555,353
45462555,336
45462555,39
45462556,34
45462556,31
45462556,353
45462556,342
45462557,98
45462557,45
45462557,89
45462557,99
45462557,129
45462558,92
45462558,45
45462558,57
45462558,94
45462559,92
45462559,45
45462559,57
45462559,88
45462559,50
45462560,98
45462560,45
45462560,89
45462560,353
45462560,336
45462560,40
45462561,34
45462561,31
45462561,353
45462561,343
45462562,98
45462562,45
45462562,89
45462562,99
45462562,130
45462563,92
45462563,45
45462563,57
45462563,95
45462564,92
45462564,45
45462564,57
45462564,88
45462564,51
45462565,98
45462565,45
45462565,89
45462565,353
45462565,336
45462565,41
45462566,34
45462566,31
45462566,353
45462566,344
45462567,98
45462567,45
45462567,89
45462567,99
45462567,131
45462568,92
45462568,45
45462568,57
45462568,96
45462569,92
45462569,45
45462569,57
45462569,88
45462569,52
45462570,98
45462570,45
45462570,89
45462570,353
45462570,336
45462570,42
45462571,34
45462571,31
45462571,353
45462571,345
45462572,98
45462572,45
45462572,89
45462572,99
45462572,132
45462573,92
45462573,45
45462573,57
45462573,97
45462574,92
45462574,45
45462574,57
45462574,88
45462574,53
45462575,98
45462575,45
45462575,89
45462575,353
45462575,336
45462575,43
